number-of-elementary-fragments-per-axis	no-concurrency	concurrency-mean-for-2..10-workers
1000	0.0015	0.002357777778
2000	0.00075	0.00077
3000	0.0005	0.0006066666667
4000	0.00038	0.0002455555556
5000	0.0003	0.0002733333333
6000	0.00025	0.0002088888889
7000	0.00021	0.0001577777778
8000	0.00019	0.0001811111111
9000	0.00017	0.0002055555556
10000	0.00015	0.0001311111111