number-of-elementary-fragments-per-axis	no-concurrency	concurrency-mean-for-2..10-workers
1000	0.16	0.03833333333
2000	0.646	0.1492222222
3000	1.391	0.3282222222
4000	1.893	0.5906666667
5000	2.909	0.8701111111
6000	3.844	1.267111111
7000	5.63	1.829666667
8000	8.361	2.253555556
9000	9.633	2.893222222
10000	12.387	3.513111111